title,price,location,search
15.4‚Äù Apple MacBook Pro Retina Core i7 2.2GHz 16GB RAM 256GB SSD,$345,Ridgewood 11385 Queens,macbook
15.4‚Äù Apple MacBook Pro Retina Core i7 2.2GHz 16GB RAM 256GB SSD,$345,Ridgewood 11385 Queens,macbook
Apple MacBook 65 Watt Portable Power Adapter A1021,$19,Ridgewood 11385 Queens,macbook
"2017 Apple MacBook Pro A1708 13"" 128GB 8GB Core i5 2.3Ghz +Shell; Case",$350,Williamsburg/Greenpoint,macbook
WE BUY MACBOOK M4 82% IPHONE IPAD VISION PRO ULTRA 49 PRODUCT  80%,N/A,404 UTICA AVE / 9172001110,macbook
Rare 08 macbook pro Box with inserts. Box only!,$30,Queens,macbook
"CASH NOW FOR APPLE :IPAD, IPHONE 16 PRO, APPLE WATCH, APPLE PENCIL, MACBOOK",N/A,BROOKLYN,macbook
"2015 Apple MacBook Air A1466 13"" Core i5 *FOR PARTS/NOT WORKING*",$70,Williamsburg/Greenpoint,macbook
"2015 Apple MacBook Air A1466 13"" 500GB 8GB Core i7 Computer + Monitor",$200,Williamsburg/Greenpoint,macbook
15.4‚Äù Apple MacBook Pro Retina Core i7 2.2GHz 16GB RAM 256GB SSD,$345,Ridgewood 11385 Queens,macbook
"2019 Apple MacBook Air Rose Gold Retina13.3‚Äù i5, 8GB Ram 121GB",$415,Ridgewood 11385 Queens,macbook
"2019 Apple MacBook Air Rose Gold Retina13.3‚Äù i5, 8GB Ram 121GB",$415,Ridgewood 11385 Queens,macbook
15.4‚Äù Apple MacBook Pro Retina Core i7 2.2GHz 16GB RAM 256GB SSD,$345,Ridgewood 11385 Queens,macbook
"LIKE NEW, 2015 MacBook Pro 15.4"" 15"", 512 GB SSD, i7, 2.2 GHz, 16 GB",$300,"Richmond Hill, Queens",macbook
"LIKE NEW, 2015 MacBook Pro 15.4"" 15"", 512 GB SSD, i7, 2.2 GHz, 16 GB",$300,"Richmond Hill, Queens",macbook
"LIKE NEW, 2012 MacBook Pro 15"" 15.4"", 256 GB SSD, i7, 2.6 GHz, 16 GB",$275,"Richmond Hill, Queens",macbook
"LIKE NEW, 2012 MacBook Pro 15"" 15.4"", 256 GB SSD, i7, 2.6 GHz, 16 GB",$275,"Richmond Hill, Queens",macbook
"LIKE NEW, 2015 MacBook Air 13"" 13.3"", 512 GB SSD, i7, 2.2 GHz, 8 GB",$300,"Richmond Hill, Queens",macbook
"LIKE NEW, 2015 MacBook Air 13"" 13.3"", 512 GB SSD, i7, 2.2 GHz, 8 GB",$300,"Richmond Hill, Queens",macbook
"LIKE NEW, 2018 MacBook Pro Touch 15"", 512 GB SSD, i7, 2.6 GHz, 16 GB",$400,"Richmond Hill, Queens",macbook
"LIKE NEW, 2018 MacBook Pro Touch 15"", 512 GB SSD, i7, 2.6 GHz, 16 GB",$400,"Richmond Hill, Queens",macbook
"CASH NOW FOR APPLE :IPAD, IPHONE 16 PRO, APPLE WATCH, APPLE PENCIL, MACBOOK",N/A,BROOKLYN,macbook
WE BUY MACBOOK M4 82% IPHONE IPAD VISION PRO ULTRA 49 PRODUCT  80%,N/A,404 UTICA AVE / 9172001110,macbook
2012 Retina Macbook Pro,$300,brooklyn,macbook
Apple MacBook 65 Watt Portable Power Adapter A1021,$20,Ridgewood 11385 Queens,macbook
Apple MacBook Portable Power Adapter A1021 Adapter 65 Watt,$20,Ridgewood 11385 Queens,macbook
"Apple MacBook Air 2019 Rose Gold 13.3‚Äù i5, 8GB Ram 125 GB SSD",$415,Ridgewood 11385 Queens,macbook
"2019 Apple MacBook Air Rose Gold Retina13.3‚Äù i5, 8GB Ram 121GB",$415,Ridgewood 11385 Queens,macbook
15.4‚Äù Apple MacBook Pro Retina Core i7 2.2GHz 16GB RAM 256GB SSD,$345,Ridgewood 11385 Queens,macbook
15.4‚Äù Apple MacBook Pro Retina Core i7 2.2GHz 16GB RAM 256GB SSD,$345,Ridgewood 11385 Queens,macbook
"13"" macbook pro osx sonoma just installed. Like new",$700,Brooklyn,macbook
Apple-MacBook Air 13-inch Laptop  -  M3 chip - 8GB Memory- 256GB SSD - Space Gra,$800,Brooklyn,macbook
Macbook pro,$450,Brooklyn,macbook
"Macbook pro 2021 m1 16""","$1,100",Brooklyn,macbook
"LIKE NEW, 2015 MacBook Pro 15.4"" 15"", 512 GB SSD, i7, 2.5 GHz, 16 GB",$300,"Richmond Hill, Queens",macbook
"LIKE NEW, 2015 MacBook Pro 15.4"" 15"", 512 GB SSD, i7, 2.5 GHz, 16 GB",$300,"Richmond Hill, Queens",macbook
"LIKE NEW, 2013 MacBook Pro 15.4"" 15"", 256 GB SSD, i7, 2.4 GHz, 8 GB",$200,"Richmond Hill, Queens",macbook
"LIKE NEW, 2013 MacBook Pro 15.4"" 15"", 256 GB SSD, i7, 2.4 GHz, 8 GB",$200,"Richmond Hill, Queens",macbook
"13"" MacBook Pro 2018 Quad Core 2.7GHZ",$550,bed-Stuy,macbook
MacBook Pro 14‚Äô 2023 M3/ 8Gb / SSD 512Gb Space Black Brand New,$800,Brooklyn,macbook
New 2024 M4 Apple MacBook Pro Black Sealed,"$2,300",Brooklyn,macbook
WE BUY MACBOOK M4 82% IPHONE IPAD VISION PRO ULTRA 49 PRODUCT  80%,N/A,404 UTICA AVE / 9172001110,macbook
"Apple Macbook Pro 13.3"" 2.5GHz intel Core i5 16GB RAM 1TB HDD Turbo üî•",$250,Brooklyn,macbook
Apple MacBook pro 15-inch 2.66,$140,queens,macbook
"MacBook Pro 14"" M1 (2021)","$1,350",Williamsburg,macbook
WANT TO BUY IPHONE 16 pm MACBOOK IPAD NEW OR USED N MORE,N/A,404 UTICA AVE / 9172001110,macbook
"Macbook Air 15 2023 (M2 16 GB RAM,256GB SSD) Space Gray",$800,queens,macbook
"LIKE NEW, 2015 MacBook Pro 15.4"" 15"", 256 GB SSD, i7, 2.2 GHz, 16 GB",$300,"Richmond Hill, Queens",macbook
"LIKE NEW, 2015 MacBook Pro 15.4"" 15"", 256 GB SSD, i7, 2.2 GHz, 16 GB",$300,"Richmond Hill, Queens",macbook
MacBook Pro,$800,Greenpoint,macbook
"Macbook pro 2021 m1 16""","$1,150",Brooklyn,macbook
"LIKE NEW, 2012 MacBook Pro 13"" 13.3"", 512 GB SSD, i5, 2.5 GHz, 16 GB",$350,"Richmond Hill, Queens",macbook
"LIKE NEW, 2012 MacBook Pro 13"" 13.3"", 512 GB SSD, i5, 2.5 GHz, 16 GB",$350,"Richmond Hill, Queens",macbook
"Macbook pro 2021 m1 16""","$1,050",Brooklyn,macbook
"Macbook pro 15.4"" 2018",$500,Brooklyn,macbook
"13"" macbook pro osx sonoma just installed. Like new",$700,Brooklyn,macbook
"MacBook Pro M1 16GB RAM, 1TB SSD 13.3in",$790,Woodside,macbook
2010 macbook box with manual and install DVd,$30,Elmhurst,macbook
"Brand New Sealed MacBook Pro M1 Pro Chip 14inch, 512GB SSD, 16GB RAM","$1,850",queens,macbook
Macbook air 2022 m2 chip,$860,Brooklyn,macbook
"Macbook pro 2021 m1 16""","$1,050",Brooklyn,macbook
M1 Pro 14‚Äù MacBook Pro Space Gray 16GB 512GB 2021 - Display BLACK,$445,queens,macbook
"MacBook Air (13-inch, Early 2015) 1.6GHz Dual-Core i5, 512 GB SSD,8GB",$296,Clinton Hill,macbook
"Used Macbook Pro mid2012, 13""",$125,Prospect Heights,macbook
WANT TO BUY IPHONE 16 pm MACBOOK IPAD NEW OR USED N MORE,N/A,404 UTICA AVE / 9172001110,macbook
"MacBook Pro 16"" M1 Pro (2021) - 1TB SSD, mint condition","$1,350",greenpoint/williamsburg,macbook
Macbook air 2022 m2 chip,$880,Brooklyn,macbook
"Macbook pro 16"" screen.like new.",$650,Brooklyn,macbook
"Macbook pro 2021 m1 16""","$1,100",Brooklyn,macbook
"Apple MacBook Pro 14"" M2 Pro",$400,queens,macbook
WANT TO BUY IPHONE 16 pm MACBOOK IPAD NEW OR USED N MORE,N/A,404 UTICA AVE / 9172001110,macbook
WE BUY APPLE MACBOOK IPHONE IPAD VISION PRO ULTRA 49 PRODUCT  80%,N/A,404 UTICA AVE / 9172001110,macbook
APPLE MacBook Air Retina - 2019,$350,Astoria,macbook
2020 MacBook Pro M1 13‚Äù M1 1TB,$750,Lower East Side,macbook
MacBook Pro,$300,New York,macbook
WE BUY APPLE MACBOOK IPHONE IPAD VISION PRO ULTRA 49 PRODUCT  80%,N/A,404 UTICA AVE / 9172001110,macbook
MacBook Pro M1 Max 64Gb 2 Tb,"$2,000",brooklyn,macbook
WANT TO BUY IPHONE 16 pm MACBOOK IPAD NEW OR USED N MORE,N/A,404 UTICA AVE / 9172001110,macbook
macbook air m3,$800,Brooklyn,macbook
"2016 Apple MacBook Pro Retina 15"" 16GB 256GB - Space Gray",$350,East Village,macbook
WE BUY APPLE MACBOOK IPHONE IPAD VISION PRO ULTRA 49 PRODUCT  80%,N/A,404 UTICA AVE / 9172001110,macbook
2017 13 Inch MacBook Pro - 8GB RAM - Dual-Core Intel i5 - SSD,$450,Forest Hills,macbook
MacBook Pro,$500,Bed stuy,macbook
"MacBook Air 256GB SSD BRAND NEW
",$800,Brooklyn,macbook
"13"" MacBook Air M1 (2020)",$350,Bedstuy,macbook
"Monoprice 12"" macbook Neoprene sleeve",$18,Brooklyn,macbook
"Decoded 13"" MacBook Air Lether Bag",$39,Brooklyn,macbook
"Incase Classic Sleeve for MacBook 12""",$19,Brooklyn,macbook
"Macbook pro 16"" screen.like new.",$650,Brooklyn,macbook
MACBOOK AIR 2012,$150,brooklyn,macbook
WE BUY APPLE MACBOOK IPHONE IPAD VISION PRO ULTRA 49 PRODUCT  80%,N/A,404 UTICA AVE / 9172001110,macbook
WANT TO BUY IPHONE 16 pm MACBOOK IPAD NEW OR USED N MORE,N/A,404 UTICA AVE / 9172001110,macbook
MacBook Air 13‚Ä≥,$350,Brooklyn,macbook
"Macbook pro 2021 m1 16""","$1,100",Brooklyn,macbook
WANT TO BUY IPHONE 16 pm MACBOOK IPAD NEW OR USED N MORE,N/A,404 UTICA AVE / 9172001110,macbook
MacBook Pro 2020 M1 - Broken Display,$320,"Ozone Park, NY",macbook
Apple MacBook Air 13.6 Inch Rugged Case,$30,queens,macbook
"MacBook Pro 2017 (With Touch Bar) - 15"" 16GB 512GB Intel Core i7",$337,Prospect Heights,macbook
"Macbook Pro 16"" 2.4 ghz 8core i9 64gb ram 4TB SSD 8GB GPU","$1,500",staten island,macbook
WANT TO BUY IPHONE 16 pm MACBOOK IPAD NEW OR USED N MORE,N/A,404 UTICA AVE / 9172001110,macbook
"Macbook pro 2021 m1 16""","$1,000",Brooklyn,macbook
MacBook battery,$22,Queens,macbook
Macbook pro 2021 m1 max in excellent condition,"$1,650",Brooklyn,macbook
"Macbook pro 16"" screen.like new.",$750,Brooklyn,macbook
WANT TO BUY IPHONE 16 pm MACBOOK IPAD NEW OR USED N MORE,N/A,404 UTICA AVE / 9172001110,macbook
WE BUY APPLE MACBOOK IPHONE IPAD VISION PRO ULTRA 49 PRODUCT  80%,N/A,404 UTICA AVE / 9172001110,macbook
üëâ ‚òéÔ∏è DATA SALVAGE‚ö°Rapid Repairs‚ö°Phone + Macbook @OzoGeeks‚ö°,N/A,brooklyn Queens Manhattan Bronx,macbook
"Almost new, Apple MacBook Air (M2), excellent+ condition with warranty","$1,000",Brooklyn,macbook
"APPLE MACBOOK PRO 16 INCH, M1 PRO, 1 TB, 16GB RAM, 10 CORE CPU, 16 COR","$1,500",Greenpoint,macbook
Pristine Apple iPhone 14 Pro Unlocked 256GB,$500,Rego Park,macbook
2021 MacBook Pro,"$1,500",East NY,macbook
Apple Macbook Power Adapter Extension Cable Cord MK122LL/A,$10,Forest Hills,macbook
WE BUY APPLE MACBOOK IPHONE IPAD VISION PRO ULTRA 49 PRODUCT  80%,N/A,404 UTICA AVE / 9172001110,macbook
Apple Macbook Pro 15-inch Rechargeable Battery,$50,Long Island City,macbook
WE BUY APPLE MACBOOK IPHONE IPAD VISION PRO ULTRA 49 PRODUCT  80%,N/A,404 UTICA AVE / 9172001110,macbook
"MacBook Pro 15"" Retina (Late 2013-Mid 2014) Battery",$20,Brooklyn,macbook
Macbook Pro 16 inch 2019,$700,Brooklyn,macbook
"2021 macbook pro 16""","$1,050",Brooklyn,macbook
RESET 2010-2020 Macbook Pro/ Air EFI BIOS iCloud system UNLOCK service,$100,queens,macbook
RESET 2010-2020 Macbook Pro/ Air EFI BIOS iCloud system UNLOCK service,$100,queens,macbook
